{"cameraMode":{"drawMode":0,"name":"Shaded","section":"Shading Mode"},"sceneLighting":true,"audioPlay":false,"sceneViewState":{"m_AlwaysRefresh":false,"showFog":true,"showSkybox":true,"showFlares":true,"showImageEffects":true,"showParticleSystems":true,"showVisualEffectGraphs":true,"m_FxEnabled":true},"in2DMode":false,"pivot":{"x":1.191417932510376,"y":1.202505350112915,"z":1.3784863948822022},"rotation":{"x":0.3060176968574524,"y":-0.24066601693630219,"z":0.08026163280010224,"w":0.9176017642021179},"size":3.1446330547332765,"orthographic":false}