{"cameraMode":{"drawMode":0,"name":"Shaded","section":"Shading Mode"},"sceneLighting":true,"audioPlay":false,"sceneViewState":{"m_AlwaysRefresh":false,"showFog":true,"showSkybox":true,"showFlares":true,"showImageEffects":true,"showParticleSystems":true,"showVisualEffectGraphs":true,"m_FxEnabled":true},"in2DMode":false,"pivot":{"x":1.3276586532592774,"y":5.250125885009766,"z":22.882993698120118},"rotation":{"x":0.5323234796524048,"y":-0.03553185984492302,"z":0.02237074449658394,"w":0.8454991579055786},"size":18.470340728759767,"orthographic":false}