{"cameraMode":{"drawMode":0,"name":"Shaded","section":"Shading Mode"},"sceneLighting":true,"audioPlay":false,"sceneViewState":{"m_AlwaysRefresh":false,"showFog":true,"showSkybox":true,"showFlares":true,"showImageEffects":true,"showParticleSystems":true,"showVisualEffectGraphs":true,"m_FxEnabled":true},"in2DMode":false,"pivot":{"x":0.3692512810230255,"y":1.477413535118103,"z":1.2348721027374268},"rotation":{"x":-0.04538184404373169,"y":-0.9513643383979797,"z":0.25196120142936709,"w":-0.17135468125343324},"size":0.3349962830543518,"orthographic":false}