{"cameraMode":{"drawMode":0,"name":"Shaded","section":"Shading Mode"},"sceneLighting":true,"audioPlay":false,"sceneViewState":{"m_AlwaysRefresh":false,"showFog":true,"showSkybox":true,"showFlares":true,"showImageEffects":true,"showParticleSystems":true,"showVisualEffectGraphs":true,"m_FxEnabled":true},"in2DMode":false,"pivot":{"x":-1.7881393432617188e-7,"y":0.6755292415618897,"z":0.07500366866588593},"rotation":{"x":-0.23204195499420167,"y":-0.5713621973991394,"z":0.17261849343776704,"w":-0.7680529356002808},"size":1.2636663913726807,"orthographic":false}