{"cameraMode":{"drawMode":0,"name":"Shaded","section":"Shading Mode"},"sceneLighting":false,"audioPlay":false,"sceneViewState":{"m_AlwaysRefresh":false,"showFog":true,"showSkybox":true,"showFlares":true,"showImageEffects":true,"showParticleSystems":true,"showVisualEffectGraphs":true,"m_FxEnabled":true},"in2DMode":false,"pivot":{"x":-0.01854652166366577,"y":0.0927889496088028,"z":5.241435527801514},"rotation":{"x":0.25377312302589419,"y":-0.34574490785598757,"z":0.09769993275403977,"w":0.8980622887611389},"size":54.80168914794922,"orthographic":false}