{"cameraMode":{"drawMode":0,"name":"Shaded","section":"Shading Mode"},"sceneLighting":true,"audioPlay":false,"sceneViewState":{"m_AlwaysRefresh":false,"showFog":true,"showSkybox":true,"showFlares":true,"showImageEffects":true,"showParticleSystems":true,"showVisualEffectGraphs":true,"m_FxEnabled":true},"in2DMode":false,"pivot":{"x":-10.096834182739258,"y":-5.547406196594238,"z":28.851287841796876},"rotation":{"x":0.15711934864521027,"y":-0.0872780904173851,"z":0.013941461220383644,"w":0.9836170077323914},"size":18.25084114074707,"orthographic":false}